{"cameraMode":{"drawMode":0,"name":"Shaded","section":"Shading Mode"},"sceneLighting":true,"audioPlay":false,"sceneViewState":{"m_AlwaysRefresh":false,"showFog":true,"showSkybox":true,"showFlares":true,"showImageEffects":true,"showParticleSystems":true,"showVisualEffectGraphs":true,"m_FxEnabled":true},"in2DMode":false,"pivot":{"x":505.3215637207031,"y":198.8091583251953,"z":58.26642608642578},"rotation":{"x":-0.23509788513183595,"y":-0.0044969492591917519,"z":0.001047081663273275,"w":-0.972015380859375},"size":351.8847351074219,"orthographic":false}